scenario,old_ns,old_bytes,old_allocs,facade_ns,facade_bytes,facade_allocs,fiber_ns,fiber_bytes,fiber_allocs,http_ns,http_bytes,http_allocs,facade_ns_delta_percent,fiber_ns_delta_percent,http_ns_delta_percent
JSON/props=0/lazy=0,1284.0,1289,23,1300.0,1221,14,1287.0,1269,15,984.6,1721,19,1.2,0.2,-23.3
JSON/props=0/lazy=0/parallel,487.7,1289,23,496.0,1221,14,513.2,1269,15,530.8,1722,19,1.7,5.2,8.8
JSON/props=10/lazy=0,2552.0,2731,30,2223.0,1998,17,2244.0,2046,18,1940.0,2499,22,-12.9,-12.1,-24.0
JSON/props=10/lazy=0/parallel,1043.0,2733,30,851.5,1999,17,876.1,2047,18,872.2,2500,22,-18.4,-16.0,-16.4
JSON/props=10/lazy=1,2680.0,3084,33,2334.0,2399,19,2348.0,2447,20,2043.0,2899,24,-12.9,-12.4,-23.8
JSON/props=10/lazy=1/parallel,1112.0,3085,33,966.6,2400,19,979.6,2448,20,963.5,2901,24,-13.1,-11.9,-13.4
JSON/props=10/lazy=10,2958.0,3733,36,2755.0,3176,22,2821.0,3224,23,2493.0,3692,27,-6.9,-4.6,-15.7
JSON/props=10/lazy=10/parallel,1396.0,3734,36,1302.0,3178,22,1282.0,3225,23,1323.0,3694,27,-6.7,-8.2,-5.2
JSON/props=100/lazy=0,17398.0,19022,42,13456.0,11987,23,13799.0,12046,24,13319.0,12507,28,-22.7,-20.7,-23.4
JSON/props=100/lazy=0/parallel,7443.0,19060,42,5112.0,12014,23,5213.0,12066,24,5199.0,12534,28,-31.3,-30.0,-30.1
JSON/props=100/lazy=1,17484.0,19364,45,13818.0,12392,25,13586.0,12441,26,13512.0,12910,30,-21.0,-22.3,-22.7
JSON/props=100/lazy=1/parallel,7386.0,19407,45,5363.0,12418,25,5414.0,12468,26,5413.0,12940,30,-27.4,-26.7,-26.7
JSON/props=100/lazy=10,17918.0,20240,48,14071.0,13393,28,14260.0,13451,29,13806.0,13661,33,-21.5,-20.4,-22.9
JSON/props=100/lazy=10/parallel,7895.0,20290,48,5678.0,13426,28,5773.0,13482,29,5783.0,13690,33,-28.1,-26.9,-26.8
HTML/props=0/lazy=0,6404.0,9697,122,6292.0,9732,115,6373.0,9781,116,6135.0,10161,121,-1.7,-0.5,-4.2
HTML/props=0/lazy=0/parallel,3400.0,9696,122,3358.0,9731,115,3441.0,9780,116,3424.0,10159,121,-1.2,1.2,0.7
HTML/props=10/lazy=0,8205.0,11788,129,7838.0,11158,118,7923.0,11206,119,7673.0,11586,124,-4.5,-3.4,-6.5
HTML/props=10/lazy=0/parallel,4292.0,11787,129,4052.0,11157,118,4062.0,11205,119,4105.0,11584,124,-5.6,-5.4,-4.4
HTML/props=10/lazy=1,8296.0,12141,132,7928.0,11558,120,8092.0,11606,121,7816.0,11986,126,-4.4,-2.5,-5.8
HTML/props=10/lazy=1/parallel,4355.0,12140,132,4158.0,11558,120,4157.0,11606,121,4289.0,11985,126,-4.5,-4.5,-1.5
HTML/props=10/lazy=10,8604.0,12919,135,8563.0,12465,123,8724.0,12515,124,8269.0,12973,129,-0.5,1.4,-3.9
HTML/props=10/lazy=10/parallel,4570.0,12918,135,4512.0,12463,123,4571.0,12512,124,4494.0,12972,129,-1.3,0.0,-1.7
HTML/props=100/lazy=0,28350.0,40003,142,24790.0,33047,125,24308.0,33106,126,24469.0,33591,131,-12.6,-14.3,-13.7
HTML/props=100/lazy=0/parallel,15196.0,40068,142,12526.0,33077,125,13131.0,33108,126,12655.0,33578,131,-17.6,-13.6,-16.7
HTML/props=100/lazy=1,28556.0,40368,145,24274.0,33458,127,24434.0,33513,128,24563.0,33995,133,-15.0,-14.4,-14.0
HTML/props=100/lazy=1/parallel,15385.0,40415,145,12445.0,33467,127,13147.0,33537,128,12750.0,33987,133,-19.1,-14.5,-17.1
HTML/props=100/lazy=10,29059.0,42163,148,25108.0,35377,130,25090.0,35432,131,25071.0,34743,136,-13.6,-13.7,-13.7
HTML/props=100/lazy=10/parallel,16579.0,42191,148,13351.0,35401,130,13431.0,35454,131,13227.0,34755,136,-19.5,-19.0,-20.2
flash/props=10/lazy=0,878.9,1545,19,705.1,1297,9,718.3,1297,9,1159.0,2392,22,-19.8,-18.3,31.9
SSR-cache/props=10/lazy=0,9751.0,13033,156,9575.0,12403,145,9521.0,12450,146,9261.0,12813,151,-1.8,-2.4,-5.0
SSR-retry/props=10/lazy=0,10928.0,14077,172,10572.0,13445,161,10596.0,13489,162,10361.0,13858,167,-3.3,-3.0,-5.2
SSR-cancel/props=10/lazy=0,3243.0,4379,60,2877.0,3750,49,2931.0,3798,50,2646.0,4130,52,-11.3,-9.6,-18.4
